{"epoch": 0, "step": 100, "rouge_score": {"rouge1": 0.1823354751255216, "rouge2": 0.07605406329047583, "rougeL": 0.16419766337068856, "rougeLsum": 0.16781891284887465}}
{"epoch": 0, "step": 200, "rouge_score": {"rouge1": 0.2695972124183707, "rouge2": 0.13287003766771702, "rougeL": 0.25372251118361516, "rougeLsum": 0.2561965695555317}}
{"epoch": 0, "step": 300, "rouge_score": {"rouge1": 0.2068895866657278, "rouge2": 0.08432988819295982, "rougeL": 0.1855099532651885, "rougeLsum": 0.19207784101017678}}
{"epoch": 0, "step": 400, "rouge_score": {"rouge1": 0.2151144038836492, "rouge2": 0.10409708119783713, "rougeL": 0.19685646126129977, "rougeLsum": 0.20689338001770832}}
{"epoch": 0, "step": 500, "rouge_score": {"rouge1": 0.216523642822663, "rouge2": 0.0992497200992411, "rougeL": 0.2003492493711063, "rougeLsum": 0.20800579504631356}}
{"epoch": 0, "step": 600, "rouge_score": {"rouge1": 0.20002489302099083, "rouge2": 0.0912386578497736, "rougeL": 0.18072338152328224, "rougeLsum": 0.1848290849418732}}
{"epoch": 0, "step": 700, "rouge_score": {"rouge1": 0.21007494160935444, "rouge2": 0.09936249746291222, "rougeL": 0.20142184682669154, "rougeLsum": 0.20303481613472188}}
{"epoch": 0, "step": 800, "rouge_score": {"rouge1": 0.26989606126568283, "rouge2": 0.142188271238773, "rougeL": 0.2405991986876395, "rougeLsum": 0.24569776480085292}}
{"epoch": 0, "step": 900, "rouge_score": {"rouge1": 0.2122450657464869, "rouge2": 0.08365331597117365, "rougeL": 0.19330135154546202, "rougeLsum": 0.20029830772160603}}
{"epoch": 0, "step": 1000, "rouge_score": {"rouge1": 0.2230691161924023, "rouge2": 0.10407609874087127, "rougeL": 0.20645642886992155, "rougeLsum": 0.2098678523181149}}
{"epoch": 0, "step": 1100, "rouge_score": {"rouge1": 0.24111105744550765, "rouge2": 0.10361887289362226, "rougeL": 0.20821457139271915, "rougeLsum": 0.2239568448833503}}
{"epoch": 0, "step": 1200, "rouge_score": {"rouge1": 0.26883593656678745, "rouge2": 0.12952586119843587, "rougeL": 0.2289373751079181, "rougeLsum": 0.25490655769132237}}
{"epoch": 0, "step": 1300, "rouge_score": {"rouge1": 0.2603265523763847, "rouge2": 0.13373342604259883, "rougeL": 0.22472528841028247, "rougeLsum": 0.2408559417035144}}
{"epoch": 0, "step": 1400, "rouge_score": {"rouge1": 0.2478710266915957, "rouge2": 0.110352401773401, "rougeL": 0.20582091478120448, "rougeLsum": 0.22640323186514247}}
{"epoch": 0, "step": 1500, "rouge_score": {"rouge1": 0.279715876802743, "rouge2": 0.11422504241676386, "rougeL": 0.2327313002288435, "rougeLsum": 0.25375533467544337}}
{"epoch": 0, "step": 1600, "rouge_score": {"rouge1": 0.26293004034592604, "rouge2": 0.10764828981059095, "rougeL": 0.191628364068842, "rougeLsum": 0.23894800461127352}}
{"epoch": 0, "step": 1700, "rouge_score": {"rouge1": 0.2912468085179812, "rouge2": 0.12450613982844072, "rougeL": 0.22103351151756964, "rougeLsum": 0.26417069385751374}}
{"epoch": 0, "step": 1800, "rouge_score": {"rouge1": 0.29112004062499575, "rouge2": 0.10288652146354842, "rougeL": 0.21271752656821072, "rougeLsum": 0.2667269059248815}}
{"epoch": 0, "step": 1900, "rouge_score": {"rouge1": 0.29675009351026954, "rouge2": 0.121456491104056, "rougeL": 0.21857016698855858, "rougeLsum": 0.27689452191652514}}
{"epoch": 0, "step": 2000, "rouge_score": {"rouge1": 0.34584563926883627, "rouge2": 0.15404384987404166, "rougeL": 0.25331901199428053, "rougeLsum": 0.2974647701895143}}
{"epoch": 0, "step": 2100, "rouge_score": {"rouge1": 0.34454804104208253, "rouge2": 0.14205899686968915, "rougeL": 0.25259950030868406, "rougeLsum": 0.3114973213845328}}
{"epoch": 0, "step": 2200, "rouge_score": {"rouge1": 0.3365038275573808, "rouge2": 0.15702090847893083, "rougeL": 0.25712429978017803, "rougeLsum": 0.2956800055409042}}
{"epoch": 0, "step": 2300, "rouge_score": {"rouge1": 0.31226149078550763, "rouge2": 0.14405100084141692, "rougeL": 0.26197221894281447, "rougeLsum": 0.29982110149504465}}
{"epoch": 0, "step": 2400, "rouge_score": {"rouge1": 0.3422696591101882, "rouge2": 0.15637456121607743, "rougeL": 0.27814721436606676, "rougeLsum": 0.3105894912817759}}
{"epoch": 0, "step": 2500, "rouge_score": {"rouge1": 0.3277821738315449, "rouge2": 0.17737918700224029, "rougeL": 0.27994239323292697, "rougeLsum": 0.30516448619034425}}
{"epoch": 0, "step": 2600, "rouge_score": {"rouge1": 0.3442415601172945, "rouge2": 0.165534231752942, "rougeL": 0.2859851212649469, "rougeLsum": 0.30240068072749077}}
{"epoch": 0, "step": 2700, "rouge_score": {"rouge1": 0.2557332870312686, "rouge2": 0.12413261339576542, "rougeL": 0.2009841734039339, "rougeLsum": 0.21413872508495305}}
{"epoch": 0, "step": 2800, "rouge_score": {"rouge1": 0.34791867128376897, "rouge2": 0.17551474357858957, "rougeL": 0.2982516830768778, "rougeLsum": 0.31541430790857866}}
{"epoch": 0, "step": 2900, "rouge_score": {"rouge1": 0.3919469527671419, "rouge2": 0.2242602311321751, "rougeL": 0.33621197420689036, "rougeLsum": 0.3437453252808785}}
{"epoch": 0, "step": 3000, "rouge_score": {"rouge1": 0.3125851795433324, "rouge2": 0.16303434406498493, "rougeL": 0.28350438023360713, "rougeLsum": 0.28576741834679276}}
{"epoch": 0, "step": 3100, "rouge_score": {"rouge1": 0.3125600278768494, "rouge2": 0.1612987264974619, "rougeL": 0.2620941541414798, "rougeLsum": 0.27132343362349315}}
{"epoch": 0, "step": 3200, "rouge_score": {"rouge1": 0.36619562108430354, "rouge2": 0.2025343217948458, "rougeL": 0.3138260930066937, "rougeLsum": 0.3196232089236515}}
{"epoch": 0, "step": 3300, "rouge_score": {"rouge1": 0.3076791125864636, "rouge2": 0.14983107668383647, "rougeL": 0.25601477070689527, "rougeLsum": 0.2692762294555136}}
{"epoch": 0, "step": 3400, "rouge_score": {"rouge1": 0.3521011914478424, "rouge2": 0.19399823959671456, "rougeL": 0.31010671835337167, "rougeLsum": 0.3214692881424026}}
{"epoch": 0, "step": 3500, "rouge_score": {"rouge1": 0.3198861987791353, "rouge2": 0.1503033288288325, "rougeL": 0.2529547562905972, "rougeLsum": 0.27542179079490364}}
{"epoch": 0, "step": 3600, "rouge_score": {"rouge1": 0.2580634371939033, "rouge2": 0.09692798046206656, "rougeL": 0.2186717083017583, "rougeLsum": 0.23081818130067078}}
{"epoch": 0, "step": 3700, "rouge_score": {"rouge1": 0.3039040228500178, "rouge2": 0.14886462041123347, "rougeL": 0.262226899300815, "rougeLsum": 0.2855536607514127}}
{"epoch": 0, "step": 3800, "rouge_score": {"rouge1": 0.32073384011820755, "rouge2": 0.15909790202191496, "rougeL": 0.2688930052397243, "rougeLsum": 0.28252527911507447}}
{"epoch": 0, "step": 3900, "rouge_score": {"rouge1": 0.3046423386901185, "rouge2": 0.13951222306668257, "rougeL": 0.2543366613753025, "rougeLsum": 0.2672051158428252}}
{"epoch": 0, "step": 4000, "rouge_score": {"rouge1": 0.29586463525293544, "rouge2": 0.14050595969429341, "rougeL": 0.2556917475426811, "rougeLsum": 0.2572502968444525}}
{"epoch": 0, "step": 4100, "rouge_score": {"rouge1": 0.32070080585896044, "rouge2": 0.15057942821623674, "rougeL": 0.2805631594222661, "rougeLsum": 0.3059009015778245}}
{"epoch": 0, "step": 4200, "rouge_score": {"rouge1": 0.2981616736229524, "rouge2": 0.16093619106855073, "rougeL": 0.26844704106589357, "rougeLsum": 0.27846360582373747}}
{"epoch": 0, "step": 4300, "rouge_score": {"rouge1": 0.30206009814724877, "rouge2": 0.14725772802895123, "rougeL": 0.25181425647004324, "rougeLsum": 0.2626315496864859}}
{"epoch": 0, "step": 4400, "rouge_score": {"rouge1": 0.32051252641248734, "rouge2": 0.16568619892915168, "rougeL": 0.2652538106668308, "rougeLsum": 0.2849150381691859}}
{"epoch": 0, "step": 4500, "rouge_score": {"rouge1": 0.3514511562671034, "rouge2": 0.18852247298039945, "rougeL": 0.29606870297832205, "rougeLsum": 0.29804329417750614}}
{"epoch": 0, "step": 4600, "rouge_score": {"rouge1": 0.2732584964410487, "rouge2": 0.1397716940630256, "rougeL": 0.25392620198685023, "rougeLsum": 0.25541302497677504}}
{"epoch": 0, "step": 4700, "rouge_score": {"rouge1": 0.3552531905525534, "rouge2": 0.18217661560261242, "rougeL": 0.2887617697605895, "rougeLsum": 0.29874646251273096}}
{"epoch": 0,