{"epoch": 0, "step": 100, "rouge_score": {"rouge1": 0.16071743678858777, "rouge2": 0.08443779748594962, "rougeL": 0.15366690799892854, "rougeLsum": 0.16005356735974355}}
{"epoch": 0, "step": 200, "rouge_score": {"rouge1": 0.1607174367885878, "rouge2": 0.08443779748594962, "rougeL": 0.15366690799892857, "rougeLsum": 0.16039590010495255}}
{"epoch": 0, "step": 300, "rouge_score": {"rouge1": 0.1607174367885878, "rouge2": 0.08443779748594962, "rougeL": 0.15366690799892854, "rougeLsum": 0.1609651600670019}}
{"epoch": 0, "step": 400, "rouge_score": {"rouge1": 0.16278583583279327, "rouge2": 0.08777113081928296, "rougeL": 0.15669110154731564, "rougeLsum": 0.16390076612760793}}
{"epoch": 0, "step": 500, "rouge_score": {"rouge1": 0.16347708007242462, "rouge2": 0.08737325283519808, "rougeL": 0.15669110154731564, "rougeLsum": 0.16361264556023208}}
{"epoch": 0, "step": 600, "rouge_score": {"rouge1": 0.16702595000711798, "rouge2": 0.09091637637832162, "rougeL": 0.15997542121745872, "rougeLsum": 0.16678921539763616}}
{"epoch": 0, "step": 700, "rouge_score": {"rouge1": 0.17058484725022574, "rouge2": 0.09191708109995658, "rougeL": 0.16002554653074194, "rougeLsum": 0.167052373292373}}
{"epoch": 0, "step": 800, "rouge_score": {"rouge1": 0.14766332320918513, "rouge2": 0.07217280576744593, "rougeL": 0.14462416765129174, "rougeLsum": 0.14758580025462792}}
{"epoch": 0, "step": 900, "rouge_score": {"rouge1": 0.17513419769401165, "rouge2": 0.09935979523819852, "rougeL": 0.1681665999864967, "rougeLsum": 0.17486585676153982}}
{"epoch": 0, "step": 1000, "rouge_score": {"rouge1": 0.1944470824093181, "rouge2": 0.11151623313095997, "rougeL": 0.18265275366065087, "rougeLsum": 0.18953055209491831}}
{"epoch": 0, "step": 1100, "rouge_score": {"rouge1": 0.19926401131390176, "rouge2": 0.09852424886830845, "rougeL": 0.1847150238237378, "rougeLsum": 0.18722581124779156}}
{"epoch": 0, "step": 1200, "rouge_score": {"rouge1": 0.21300906523639265, "rouge2": 0.10125517006728826, "rougeL": 0.19478477669233668, "rougeLsum": 0.1996236488376654}}
{"epoch": 0, "step": 1300, "rouge_score": {"rouge1": 0.2265069866277186, "rouge2": 0.0959897497723361, "rougeL": 0.20516344087949162, "rougeLsum": 0.21538449366833706}}
{"epoch": 0, "step": 1400, "rouge_score": {"rouge1": 0.25322627818337956, "rouge2": 0.08922066067044293, "rougeL": 0.21940004252038542, "rougeLsum": 0.23980346569787078}}
{"epoch": 0, "step": 1500, "rouge_score": {"rouge1": 0.2419710118861976, "rouge2": 0.09896165374630372, "rougeL": 0.20973933467629352, "rougeLsum": 0.2220890367713694}}
{"epoch": 0, "step": 1600, "rouge_score": {"rouge1": 0.265265255349652, "rouge2": 0.0964166416096854, "rougeL": 0.20838665242201743, "rougeLsum": 0.24290157419588745}}
{"epoch": 0, "step": 1700, "rouge_score": {"rouge1": 0.2940760816104473, "rouge2": 0.1060695793932658, "rougeL": 0.22962539539125207, "rougeLsum": 0.2746604147495592}}
{"epoch": 0, "step": 1800, "rouge_score": {"rouge1": 0.2842348385992729, "rouge2": 0.10935806270579722, "rougeL": 0.21648905974758376, "rougeLsum": 0.2592131521435589}}
{"epoch": 0, "step": 1900, "rouge_score": {"rouge1": 0.3116892905433155, "rouge2": 0.11751377272943182, "rougeL": 0.24087952844054858, "rougeLsum": 0.2978292921899494}}
{"epoch": 0, "step": 2000, "rouge_score": {"rouge1": 0.262036050111513, "rouge2": 0.09421232213481057, "rougeL": 0.21791222899275703, "rougeLsum": 0.2538291853165478}}
{"epoch": 0, "step": 2100, "rouge_score": {"rouge1": 0.2987246698169562, "rouge2": 0.10633455563145149, "rougeL": 0.23095206012008634, "rougeLsum": 0.2839419870621559}}
{"epoch": 0, "step": 2200, "rouge_score": {"rouge1": 0.2521032043651219, "rouge2": 0.09833610469173046, "rougeL": 0.21352445185352087, "rougeLsum": 0.24138760311727162}}
{"epoch": 0, "step": 2300, "rouge_score": {"rouge1": 0.26804935568362603, "rouge2": 0.11014273331950278, "rougeL": 0.2206535274631641, "rougeLsum": 0.24379685780954183}}
{"epoch": 0, "step": 2400, "rouge_score": {"rouge1": 0.2620678364681891, "rouge2": 0.09787634559317407, "rougeL": 0.2160271403152078, "rougeLsum": 0.24514322454474025}}
{"epoch": 0, "step": 2500, "rouge_score": {"rouge1": 0.27269844994972403, "rouge2": 0.11740638312176865, "rougeL": 0.22942164559127426, "rougeLsum": 0.2506822294333408}}
{"epoch": 0, "step": 2600, "rouge_score": {"rouge1": 0.28683126669815284, "rouge2": 0.13312653133934263, "rougeL": 0.24533012045828154, "rougeLsum": 0.26340742046624893}}
{"epoch": 0, "step": 2700, "rouge_score": {"rouge1": 0.280367499516271, "rouge2": 0.12265274101349569, "rougeL": 0.24086453671411845, "rougeLsum": 0.2525591527108947}}
{"epoch": 0, "step": 2800, "rouge_score": {"rouge1": 0.277426871854548, "rouge2": 0.11839654196425815, "rougeL": 0.24002823512223875, "rougeLsum": 0.253838356084408}}
{"epoch": 0, "step": 2900, "rouge_score": {"rouge1": 0.27507189135607385, "rouge2": 0.12445110003614435, "rougeL": 0.23358323165347902, "rougeLsum": 0.24582356888523194}}
{"epoch": 0, "step": 3000, "rouge_score": {"rouge1": 0.2866521260236543, "rouge2": 0.12867297060335336, "rougeL": 0.24251916562128786, "rougeLsum": 0.2559423776796761}}
{"epoch": 0, "step": 3100, "rouge_score": {"rouge1": 0.28871755854285885, "rouge2": 0.1342683650117051, "rougeL": 0.2446966406886517, "rougeLsum": 0.2558013505593017}}
{"epoch": 0, "step": 3200, "rouge_score": {"rouge1": 0.30366727623085044, "rouge2": 0.14630838389017464, "rougeL": 0.26059477937169023, "rougeLsum": 0.271905952951103}}
{"epoch": 0, "step": 3300, "rouge_score": {"rouge1": 0.2873921971693936, "rouge2": 0.13698465363621182, "rougeL": 0.25037902626120034, "rougeLsum": 0.25928771845352394}}
{"epoch": 0, "step": 3400, "rouge_score": {"rouge1": 0.2791434555132425, "rouge2": 0.12369913239424934, "rougeL": 0.24204364921659027, "rougeLsum": 0.253196534028916}}
{"epoch": 0, "step": 3500, "rouge_score": {"rouge1": 0.3027624652349047, "rouge2": 0.13863100526090483, "rougeL": 0.264857065383001, "rougeLsum": 0.2759170668881576}}
{"epoch": 0, "step": 3600, "rouge_score": {"rouge1": 0.28065229165909095, "rouge2": 0.1393589498319715, "rougeL": 0.25281433731391734, "rougeLsum": 0.2544740444546694}}
{"epoch": 0, "step": 3700, "rouge_score": {"rouge1": 0.27258879461627766, "rouge2": 0.13395824257079916, "rougeL": 0.24324135337363217, "rougeLsum": 0.24706261593912196}}
{"epoch": 0, "step": 3800, "rouge_score": {"rouge1": 0.27396339584724005, "rouge2": 0.1306345070259165, "rougeL": 0.24203699761387285, "rougeLsum": 0.24573857765856189}}
{"epoch": 0, "step": 3900, "rouge_score": {"rouge1": 0.26619710520268053, "rouge2": 0.1295168347317736, "rougeL": 0.2386505261488822, "rougeLsum": 0.24261104729418942}}
{"epoch": 0, "step": 4000, "rouge_score": {"rouge1": 0.2732427969858616, "rouge2": 0.1336285211215824, "rougeL": 0.2468027749026347, "rougeLsum": 0.24811240953239372}}
{"epoch": 0, "step": 4100, "rouge_score": {"rouge1": 0.2815094703646698, "rouge2": 0.1368709281756741, "rougeL": 0.2546390322125762, "rougeLsum": 0.25612611701978544}}
{"epoch": 0, "step": 4200, "rouge_score": {"rouge1": 0.27468331406482926, "rouge2": 0.13402659409750212, "rougeL": 0.24781287591273568, "rougeLsum": 0.24929996071994495}}
{"epoch": 0, "step": 4300, "rouge_score": {"rouge1": 0.27938961972873433, "rouge2": 0.13495789703052358, "rougeL": 0.2449459083649171, "rougeLsum": 0.2495307699623821}}
{"epoch": 0, "step": 4400, "rouge_score": {"rouge1": 0.2666488063129192, "rouge2": 0.13377186503557129, "rougeL": 0.23883688114726728, "rougeLsum": 0.23863398926449983}}
{"epoch": 0, "step": 4500, "rouge_score": {"rouge1": 0.2735148818997565, "rouge2": 0.1332608218040366, "rougeL": 0.2384096960392311, "rougeLsum": 0.24353936166987228}}
{"epoch": 0, "step": 4600, "rouge_score": {"rouge1": 0.2597987156471961, "rouge2": 0.12925381516868417, "rougeL": 0.23540826298180698, "rougeLsum": 0.23689534778901625}}
{"epoch": 0, "step": 4700, "rouge_score": {"rouge1": 0.25753815787942536, "rouge2": 0.13138324069572743, "rougeL": 0.23527155758194368,